FECHA,RUC,PROVEEDOR,PRODUCTO,UNIDAD MEDIDA,PRECIO UNIT.,CANTIDAD
13/03/2020,20109161609,ROKER PERU SA,JABON GERMICIDA LIQUIDO CON TRICLOSAN X 1 L,UNIDAD,11,11200
13/03/2020,20109161609,ROKER PERU SA,GEL ANTIBACTERIAL PARA MANOS X 1 L APROX.,UNIDAD,12.5,82800
13/03/2020,20501543277,ALKOFARMA E.I.R.L.,ALCOHOL ETILICO (ETANOL) 70º X 1 L,UNIDAD,7,51400
13/03/2020,20109161609,ROKER PERU SA,DESINFECTANTE PARA SUPERFICIES ALTAS X 750 mL,UNIDAD,70,14720
13/03/2020,20504575919,IMPORTACIONES ALPES PERU SOCIEDAD ANONIMA CERRADA,BOTA DESCARTABLE CUBRE CALZADO PARA CIRUJANO,PAR,0.46,12880
13/03/2020,20505719396,Q-MEDICAL S.A.C,MAMELUCO DESCARTABLE TALLA L,UNIDAD,40,5000
13/03/2020,20555589574,L & M MEDICAL SUPPLIES SOCIEDAD ANONIMA CERRADA,KIT DE ROPA DESCARTABLE PARA CIRUGIA X 6 PIEZAS,UNIDAD,39.9,57960
13/03/2020,20506248036,ALKHOFAR SOCIEDAD ANONIMA CERRADA,GUANTE PARA EXAMEN DESCARTABLE DE NITRILO SIN POLVO TALLA S,UNIDAD,0.15,184000
13/03/2020,20338022850,DROCSA E.I.R.L.,MASCARILLA DESCARTABLE QUIRURGICA 3 PLIEGUES,UNIDAD,0.8,1300000
13/03/2020,20424084418,KA 'LINSON PERU S.A.C.,PROTECTOR OCULAR DE PLÁSTICO DESCARTABLE TRANSPARENTE ADULTO,UNIDAD,30.73,3230
13/03/2020,20555553626,EQUIPOS PROIN S.A.C.,PROTECTOR OCULAR DE PLÁSTICO DESCARTABLE TRANSPARENTE ADULTO,UNIDAD,3.42,36800
13/03/2020,20109161609,ROKER PERU SA,DETERGENTE ENZIMATICO CON 4 ENZIMAS,GALON,290,4600
13/03/2020,20109161609,ROKER PERU SA,CLORHEXIDINA GLUCONATO 2 g/100 mL SOLUCIÓN CON DISPENSADOR DE CIRCUITO 1 L,UNIDAD,43,14000
13/03/2020,20424084418,KA 'LINSON PERU S.A.C.,ANTEOJOS GAFAS PROTECTORAS TRANSPARENTES,UNIDAD,26.2,4500
16/03/2020,20504905137,MEDICAL FULL IMPORT S.A.,GUANTE QUIRURGICO ESTERIL DESCARTABLE Nº 6 1/2,PAR,0.61,23000
16/03/2020,20506248036,ALKHOFAR SOCIEDAD ANONIMA CERRADA,GUANTE QUIRURGICO ESTERIL DESCARTABLE Nº 6 1/2,PAR,0.72,23000
16/03/2020,20504905137,MEDICAL FULL IMPORT S.A.,GUANTE QUIRURGICO ESTERIL DESCARTABLE Nº  7,PAR,0.61,1790
16/03/2020,20506248036,ALKHOFAR SOCIEDAD ANONIMA CERRADA,GUANTE PARA EXAMEN DESCARTABLE DE NITRILO SIN POLVO TALLA L,UNIDAD,0.15,130000
16/03/2020,20504575919,IMPORTACIONES ALPES PERU SOCIEDAD ANONIMA CERRADA,GUANTE PARA EXAMEN DESCARTABLE DE NITRILO SIN POLVO TALLA L,UNIDAD,0.17,358000
16/03/2020,20504905137,MEDICAL FULL IMPORT S.A.,GUANTE QUIRURGICO ESTERIL DESCARTABLE Nº 8,PAR,0.61,890
17/03/2020,20424084418,KA 'LINSON PERU S.A.C.,PROTECTOR OCULAR DE PLÁSTICO DESCARTABLE TRANSPARENTE ADULTO,UNIDAD,21.48,270
17/03/2020,20338022850,DROCSA E.I.R.L.,GORRO QUIRURGICO DESCARTABLE,UNIDAD,0.1,322000
18/03/2020,20437337536,REGIANZ S.R.L,MAMELUCO DESCARTABLE TALLA M,UNIDAD,29,2500
18/03/2020,20437337536,REGIANZ S.R.L,MAMELUCO DESCARTABLE TALLA L,UNIDAD,29,7475
18/03/2020,20555589574,L & M MEDICAL SUPPLIES SOCIEDAD ANONIMA CERRADA,PANTALÓN DESCARTABLE TALLA L,UNIDAD,4.5,20000
18/03/2020,20555589574,L & M MEDICAL SUPPLIES SOCIEDAD ANONIMA CERRADA,PANTALÓN DESCARTABLE TALLA S,UNIDAD,4.5,20000
18/03/2020,20555589574,L & M MEDICAL SUPPLIES SOCIEDAD ANONIMA CERRADA,PANTALÓN DESCARTABLE TALLA M,UNIDAD,4.5,20000
18/03/2020,20555589574,L & M MEDICAL SUPPLIES SOCIEDAD ANONIMA CERRADA,CHAQUETA DESCARTABLE TALLA L,UNIDAD,4,20000
18/03/2020,20504905137,MEDICAL FULL IMPORT S.A.,GUANTE PARA EXAMEN DESCARTABLE DE NITRILO SIN POLVO TALLA M,UNIDAD,0.14,184000
18/03/2020,20338022850,DROCSA E.I.R.L.,"MANDIL DESCARTABLE NO ESTERIL TALLA ""L""",UNIDAD,5,50000
18/03/2020,20555589574,L & M MEDICAL SUPPLIES SOCIEDAD ANONIMA CERRADA,CHAQUETA DESCARTABLE TALLA M,UNIDAD,4,20000
18/03/2020,20555589574,L & M MEDICAL SUPPLIES SOCIEDAD ANONIMA CERRADA,CHAQUETA DESCARTABLE TALLA S,UNIDAD,4,20000
19/03/2020,20602830307,DROGUERIA FAVETEX S.A.C.,CHAQUETA DESCARTABLE TALLA S,UNIDAD,3.04,40000
19/03/2020,20602830307,DROGUERIA FAVETEX S.A.C.,CHAQUETA DESCARTABLE TALLA M,UNIDAD,3.04,40000
19/03/2020,20555589574,L & M MEDICAL SUPPLIES SOCIEDAD ANONIMA CERRADA,"MANDIL DESCARTABLE NO ESTERIL TALLA ""L""",UNIDAD,5.7,84000
19/03/2020,20555589574,L & M MEDICAL SUPPLIES SOCIEDAD ANONIMA CERRADA,MANDIL DESCARTABLE NO ESTÉRIL,UNIDAD,5.7,46000
19/03/2020,20555589574,L & M MEDICAL SUPPLIES SOCIEDAD ANONIMA CERRADA,MANDIL DESCARTABLE NO ESTÉRIL,UNIDAD,5.7,36800
19/03/2020,20506248036,ALKHOFAR SOCIEDAD ANONIMA CERRADA,GUANTE PARA EXAMEN DESCARTABLE TALLA M,UNIDAD,0.14,4900000
19/03/2020,20523717759,R & G SEGURIDAD E HIGIENE INDUSTRIAL S.A.C.,MASCARILLA DESCARTABLE QUIRURGICA 3 PLIEGUES,UNIDAD,0.84,4670000
19/03/2020,20504905137,MEDICAL FULL IMPORT S.A.,GUANTE PARA EXAMEN DESCARTABLE DE NITRILO SIN POLVO TALLA S,UNIDAD,0.14,304000
19/03/2020,20602830307,DROGUERIA FAVETEX S.A.C.,CHAQUETA DESCARTABLE TALLA L,UNIDAD,3.04,40000
19/03/2020,20602830307,DROGUERIA FAVETEX S.A.C.,PANTALÓN DESCARTABLE TALLA M,UNIDAD,3.25,40000
19/03/2020,20602830307,DROGUERIA FAVETEX S.A.C.,PANTALÓN DESCARTABLE TALLA S,UNIDAD,3.25,40000
19/03/2020,20602830307,DROGUERIA FAVETEX S.A.C.,PANTALÓN DESCARTABLE TALLA L,UNIDAD,3.25,40000
19/03/2020,20338022850,DROCSA E.I.R.L.,GORRO QUIRURGICO DESCARTABLE,UNIDAD,0.1,342400
20/03/2020,20504575919,IMPORTACIONES ALPES PERU SOCIEDAD ANONIMA CERRADA,BOTA DESCARTABLE CUBRE CALZADO PARA CIRUJANO,PAR,0.46,1600
20/03/2020,20424084418,KA 'LINSON PERU S.A.C.,MAMELUCO DESCARTABLE TALLA L,UNIDAD,12.04,2000
20/03/2020,20424084418,KA 'LINSON PERU S.A.C.,MAMELUCO DESCARTABLE TALLA M,UNIDAD,12.04,4750
20/03/2020,20109161609,ROKER PERU SA,DESINFECTANTE PARA SUPERFICIES ALTAS X 750 mL,UNIDAD,75,7000
20/03/2020,20109161609,ROKER PERU SA,GEL ANTIBACTERIAL PARA MANOS X 1 L APROX.,UNIDAD,20,41500
20/03/2020,20109161609,ROKER PERU SA,GEL ANTIBACTERIAL PARA MANOS X 120 mL APROX.,UNIDAD,5,400
20/03/2020,20109161609,ROKER PERU SA,GEL ANTIBACTERIAL PARA MANOS X 120 mL APROX.,UNIDAD,5,37300
20/03/2020,20109161609,ROKER PERU SA,GEL ANTIBACTERIAL PARA MANOS X 250 mL APROX.,UNIDAD,7,20000
20/03/2020,20109161609,ROKER PERU SA,GEL ANTIBACTERIAL PARA MANOS X 250 mL APROX.,UNIDAD,7,200
20/03/2020,20109161609,ROKER PERU SA,JABON GERMICIDA LIQUIDO CON TRICLOSAN X 1 L,UNIDAD,11,19700
20/03/2020,20602403867,POLYSTAR PERU S.A.C.,PAPEL TOALLA HOJA SIMPLE NATURAL X 300 m,UNIDAD,19.9,10360
20/03/2020,20266352337,PRODUCTOS TISSUE DEL PERU S.A.C - PROTISA-PERU,PAPEL TOALLA HOJA SIMPLE NATURAL X 300 m,UNIDAD,23.25,4300
20/03/2020,20109161609,ROKER PERU SA,DETERGENTE ENZIMATICO CON 4 ENZIMAS,GALON,290,2400
20/03/2020,20504905137,MEDICAL FULL IMPORT S.A.,GUANTE PARA EXAMEN DESCARTABLE DE NITRILO SIN POLVO TALLA S,UNIDAD,0.14,162000
20/03/2020,20600740114,CORPORACION LANUS S.A.C.,GUANTE PARA EXAMEN DESCARTABLE DE NITRILO SIN POLVO TALLA M,UNIDAD,0.16,304000
20/03/2020,20504905137,MEDICAL FULL IMPORT S.A.,GUANTE QUIRURGICO ESTERIL DESCARTABLE Nº 6 1/2,PAR,0.61,135000
20/03/2020,20216528141,PROSEMEDIC SOCIEDAD ANONIMA CERRADA,GUANTE QUIRURGICO ESTERIL DESCARTABLE Nº  7,PAR,0.74,80000
20/03/2020,20476029474,SIGMA ENTERPRISES PERU S.A.C.,GUANTE QUIRURGICO ESTERIL DESCARTABLE Nº  7,PAR,0.75,63900
20/03/2020,20476029474,SIGMA ENTERPRISES PERU S.A.C.,GUANTE QUIRURGICO ESTERIL DESCARTABLE Nº 8,PAR,0.75,22700
20/03/2020,20216528141,PROSEMEDIC SOCIEDAD ANONIMA CERRADA,GUANTE QUIRURGICO ESTERIL DESCARTABLE Nº 8,PAR,0.74,30000
20/03/2020,20600740114,CORPORACION LANUS S.A.C.,GUANTE QUIRURGICO ESTERIL DESCARTABLE Nº 8,PAR,0.66,10050
20/03/2020,20555589574,L & M MEDICAL SUPPLIES SOCIEDAD ANONIMA CERRADA,"MANDIL DESCARTABLE NO ESTERIL TALLA ""L""",UNIDAD,5.7,50000
20/03/2020,20555589574,L & M MEDICAL SUPPLIES SOCIEDAD ANONIMA CERRADA,MANDIL DESCARTABLE NO ESTÉRIL,UNIDAD,5.7,46000
20/03/2020,20555589574,L & M MEDICAL SUPPLIES SOCIEDAD ANONIMA CERRADA,MANDIL DESCARTABLE NO ESTÉRIL,UNIDAD,5.7,36800
20/03/2020,20109161609,ROKER PERU SA,CLORHEXIDINA GLUCONATO 2 g/100 mL SOLUCIÓN CON DISPENSADOR DE CIRCUITO 1 L,UNIDAD,43,15340
20/03/2020,20131529181,SEGURINDUSTRIA S.A.,CARETA PROTECTORA DE POLICARBONATO,UNIDAD,20.06,6000
20/03/2020,20437337536,REGIANZ S.R.L,TRAJE ENCAPSULADO PARA PROTECCION CONTRA MATERIALES PELIGROSOS TALLA M,UNIDAD,29,2000
20/03/2020,20437337536,REGIANZ S.R.L,TRAJE ENCAPSULADO PARA PROTECCION CONTRA MATERIALES PELIGROSOS TALLA L,UNIDAD,29,7400
20/03/2020,20437337536,REGIANZ S.R.L,TRAJE ENCAPSULADO PARA PROTECCIÓN CONTRA MATERIALES PELIGROSOS TALLA XL,UNIDAD,29,3800
23/03/2020,20424084418,KA 'LINSON PERU S.A.C.,ANTEOJOS GAFAS PROTECTORAS TRANSPARENTES,UNIDAD,48.55,1622
23/03/2020,20424084418,KA 'LINSON PERU S.A.C.,MAMELUCO DESCARTABLE TALLA L,UNIDAD,11.74,1750
23/03/2020,20424084418,KA 'LINSON PERU S.A.C.,MAMELUCO DESCARTABLE TALLA M,UNIDAD,11.74,11400
24/03/2020,20501543277,ALKOFARMA E.I.R.L.,ALCOHOL ETILICO (ETANOL) 70º X 1 L,UNIDAD,7,31400
24/03/2020,20501543277,ALKOFARMA E.I.R.L.,ALCOHOL ETILICO (ETANOL) 70º X 1 L,UNIDAD,7,8400
24/03/2020,20555589574,L & M MEDICAL SUPPLIES SOCIEDAD ANONIMA CERRADA,CHAQUETA DESCARTABLE TALLA L,UNIDAD,5.9,40000
24/03/2020,20555589574,L & M MEDICAL SUPPLIES SOCIEDAD ANONIMA CERRADA,KIT DE ROPA DESCARTABLE PARA CIRUGIA X 6 PIEZAS,UNIDAD,44.9,6600
24/03/2020,20555589574,L & M MEDICAL SUPPLIES SOCIEDAD ANONIMA CERRADA,CHAQUETA DESCARTABLE TALLA M,UNIDAD,5.9,40000
24/03/2020,20506248036,ALKHOFAR SOCIEDAD ANONIMA CERRADA,GUANTE PARA EXAMEN DESCARTABLE TALLA M,UNIDAD,0.14,2000000
24/03/2020,20600740114,CORPORACION LANUS S.A.C.,GUANTE PARA EXAMEN DESCARTABLE TALLA M,UNIDAD,0.15,1004000
24/03/2020,20600740114,CORPORACION LANUS S.A.C.,GUANTE PARA EXAMEN DESCARTABLE TALLA M,UNIDAD,0.15,50000
24/03/2020,20506248036,ALKHOFAR SOCIEDAD ANONIMA CERRADA,GUANTE PARA EXAMEN DESCARTABLE DE NITRILO SIN POLVO TALLA S,UNIDAD,0.16,104300
24/03/2020,20131529008,SEKUR PERU S.A.,MASCARILLA DESCARTABLE TIPO N-95,UNIDAD,4.07,2000
24/03/2020,20131529008,SEKUR PERU S.A.,MASCARILLA DESCARTABLE TIPO N-95,UNIDAD,12.98,2000
25/03/2020,20511914125,SOLTRAK S.A.,PROTECTOR OCULAR DE PLÁSTICO DESCARTABLE TRANSPARENTE ADULTO,UNIDAD,22.53,771
25/03/2020,20509882101,CORPORACION ALESSANDRA S.A.C.,GUANTE PARA EXAMEN DESCARTABLE DE NITRILO SIN POLVO TALLA L,UNIDAD,0.23,145200
25/03/2020,20600740114,CORPORACION LANUS S.A.C.,GUANTE QUIRURGICO ESTERIL DESCARTABLE Nº  7,PAR,0.66,128000
25/03/2020,20419385442,UTILITARIOS MEDICOS S.A.C.,ALGODÓN HIDRÓFILO X 500 g,UNIDAD,14,3000
25/03/2020,20509882101,CORPORACION ALESSANDRA S.A.C.,ALGODÓN HIDRÓFILO X 500 g,UNIDAD,15.08,2740
25/03/2020,20266352337,PRODUCTOS TISSUE DEL PERU S.A.C - PROTISA-PERU,PAPEL TOALLA HOJA SIMPLE NATURAL X 300 m,UNIDAD,23.25,16820
26/03/2020,20266352337,PRODUCTOS TISSUE DEL PERU S.A.C - PROTISA-PERU,PAPEL TOALLA HOJA SIMPLE NATURAL X 300 m,UNIDAD,23.25,15090
26/03/2020,20600420063,DISTRIBUIDORA DE PRODUCTOS DESCARTABLES S.A.C.,BOTA DESCARTABLE,PAR,2.9,20400
26/03/2020,20504575919,IMPORTACIONES ALPES PERU SOCIEDAD ANONIMA CERRADA,GORRO QUIRURGICO DESCARTABLE,UNIDAD,0.2,206000
26/03/2020,20600420063,DISTRIBUIDORA DE PRODUCTOS DESCARTABLES S.A.C.,BATA DESCARTABLE SIMPLE NO ESTERIL,UNIDAD,13.6,14000
26/03/2020,20600420063,DISTRIBUIDORA DE PRODUCTOS DESCARTABLES S.A.C.,CHAQUETA DESCARTABLE TALLA L,UNIDAD,4.95,61000
26/03/2020,20555589574,L & M MEDICAL SUPPLIES SOCIEDAD ANONIMA CERRADA,PANTALÓN DESCARTABLE TALLA XL,UNIDAD,7.2,6000
26/03/2020,20555589574,L & M MEDICAL SUPPLIES SOCIEDAD ANONIMA CERRADA,PANTALÓN DESCARTABLE TALLA L,UNIDAD,6.9,40000
26/03/2020,20555589574,L & M MEDICAL SUPPLIES SOCIEDAD ANONIMA CERRADA,PANTALÓN DESCARTABLE TALLA S,UNIDAD,6.9,13600
26/03/2020,20555589574,L & M MEDICAL SUPPLIES SOCIEDAD ANONIMA CERRADA,PANTALÓN DESCARTABLE TALLA M,UNIDAD,6.9,40000
26/03/2020,20600420063,DISTRIBUIDORA DE PRODUCTOS DESCARTABLES S.A.C.,CHAQUETA DESCARTABLE TALLA S,UNIDAD,4.75,10000
26/03/2020,20600420063,DISTRIBUIDORA DE PRODUCTOS DESCARTABLES S.A.C.,CHAQUETA DESCARTABLE TALLA S,UNIDAD,4.75,13600
26/03/2020,20600420063,DISTRIBUIDORA DE PRODUCTOS DESCARTABLES S.A.C.,CHAQUETA DESCARTABLE TALLA M,UNIDAD,4.75,68000
26/03/2020,20600420063,DISTRIBUIDORA DE PRODUCTOS DESCARTABLES S.A.C.,"MANDIL DESCARTABLE NO ESTERIL TALLA ""L""",UNIDAD,5.95,45000
26/03/2020,20600420063,DISTRIBUIDORA DE PRODUCTOS DESCARTABLES S.A.C.,CHAQUETA DESCARTABLE TALLA XL,UNIDAD,5.2,6000
26/03/2020,20600420063,DISTRIBUIDORA DE PRODUCTOS DESCARTABLES S.A.C.,MANDIL DESCARTABLE NO ESTÉRIL,UNIDAD,5.5,40000
26/03/2020,20600420063,DISTRIBUIDORA DE PRODUCTOS DESCARTABLES S.A.C.,MANDIL DESCARTABLE NO ESTÉRIL,UNIDAD,4.95,12675
26/03/2020,20602403867,POLYSTAR PERU S.A.C.,GUANTE PARA EXAMEN DESCARTABLE DE NITRILO SIN POLVO TALLA M,UNIDAD,0.29,99200
26/03/2020,20523717759,R & G SEGURIDAD E HIGIENE INDUSTRIAL S.A.C.,MASCARILLA DESCARTABLE QUIRURGICA 3 PLIEGUES,UNIDAD,0.84,4500000
26/03/2020,20131529181,SEGURINDUSTRIA S.A.,TRAJE ENCAPSULADO PARA PROTECCIÓN CONTRA MATERIALES PELIGROSOS TALLA  XL,UNIDAD,30.68,4500
26/03/2020,20424084418,KA 'LINSON PERU S.A.C.,EQUIPO RESPIRADOR PURIFICADOR DE AIRE FORZADO,UNIDAD,7040.22,19
26/03/2020,20601057124,INVERSIONES FERMEDIC E.I.R.L.,TRAJE ENCAPSULADO PARA PROTECCION CONTRA MATERIALES PELIGROSOS TALLA M,UNIDAD,35,4500
26/03/2020,20131529181,SEGURINDUSTRIA S.A.,TRAJE ENCAPSULADO PARA PROTECCION CONTRA MATERIALES PELIGROSOS TALLA M,UNIDAD,30.68,3700
26/03/2020,20601057124,INVERSIONES FERMEDIC E.I.R.L.,TRAJE ENCAPSULADO PARA PROTECCION CONTRA MATERIALES PELIGROSOS TALLA M,UNIDAD,35,1500
26/03/2020,20131529181,SEGURINDUSTRIA S.A.,TRAJE ENCAPSULADO PARA PROTECCION CONTRA MATERIALES PELIGROSOS TALLA L,UNIDAD,30.68,4500
27/03/2020,20503662869,TAGUMEDICA S.A.,GUANTE QUIRURGICO ESTERIL DESCARTABLE Nº 8,PAR,2.5,16000
27/03/2020,20601413761,DISPOSITIVOS GENERALES MEDICOS SANITARIOS S.A.C. - DIGEMED S.A.C.,GUANTE QUIRURGICO ESTERIL DESCARTABLE Nº 8,PAR,1.2,10200
27/03/2020,20131529008,SEKUR PERU S.A.,GUANTE PARA EXAMEN DESCARTABLE DE NITRILO SIN POLVO TALLA M,UNIDAD,0.47,99200
27/03/2020,20505719396,Q-MEDICAL S.A.C,GUANTE PARA EXAMEN DESCARTABLE DE NITRILO SIN POLVO TALLA M,UNIDAD,0.49,250000
27/03/2020,30556212703,DENTILAB S.A. DE C.V.,GUANTE QUIRURGICO ESTERIL DESCARTABLE Nº  7,PAR,0.74,1600000
27/03/2020,20503662869,TAGUMEDICA S.A.,GUANTE QUIRURGICO ESTERIL DESCARTABLE Nº  7,PAR,2.5,40000
27/03/2020,20601413761,DISPOSITIVOS GENERALES MEDICOS SANITARIOS S.A.C. - DIGEMED S.A.C.,GUANTE QUIRURGICO ESTERIL DESCARTABLE Nº  7,PAR,1.2,10200
27/03/2020,20503662869,TAGUMEDICA S.A.,GUANTE QUIRURGICO ESTERIL DESCARTABLE Nº  7 1/2,PAR,2.5,60000
27/03/2020,20338022850,DROCSA E.I.R.L.,MANDIL DESCARTABLE TALLA L,UNIDAD,9.85,15000
27/03/2020,20338022850,DROCSA E.I.R.L.,CHAQUETA DESCARTABLE TALLA M,UNIDAD,5.5,3100
27/03/2020,20266352337,PRODUCTOS TISSUE DEL PERU S.A.C - PROTISA-PERU,PAPEL TOALLA HOJA SIMPLE NATURAL X 300 m,UNIDAD,23.25,15090
27/03/2020,20266352337,PRODUCTOS TISSUE DEL PERU S.A.C - PROTISA-PERU,PAPEL TOALLA HOJA SIMPLE NATURAL X 300 m,UNIDAD,23.25,15090
30/03/2020,20338022850,DROCSA E.I.R.L.,BOTA DESCARTABLE,PAR,3.5,30000
30/03/2020,20509882101,CORPORACION ALESSANDRA S.A.C.,GORRO DESCARTABLE DE ENFERMERA,UNIDAD,0.24,100000
30/03/2020,20515757504,GRUPO LISSA E.I.R.L.,PANTALÓN DESCARTABLE TALLA M,UNIDAD,7,1800
30/03/2020,20515757504,GRUPO LISSA E.I.R.L.,PANTALÓN DESCARTABLE TALLA L,UNIDAD,7,1800
30/03/2020,20515757504,GRUPO LISSA E.I.R.L.,CHAQUETA DESCARTABLE TALLA L,UNIDAD,7.5,1800
30/03/2020,20552427638,STERILAB DISTRIBUIDORA S.R.L.,MANDILÓN DESCARTABLE,UNIDAD,6.5,220
30/03/2020,20515757504,GRUPO LISSA E.I.R.L.,CHAQUETA DESCARTABLE TALLA M,UNIDAD,7.5,1800
30/03/2020,20509882101,CORPORACION ALESSANDRA S.A.C.,GUANTE QUIRURGICO ESTERIL DESCARTABLE Nº  7 1/2,PAR,1.29,58500
30/03/2020,20602403867,POLYSTAR PERU S.A.C.,GUANTE PARA EXAMEN DESCARTABLE DE NITRILO SIN POLVO TALLA M,UNIDAD,0.29,300000
31/03/2020,10423359159,ALFARO FAJARDO ALAN JOSEPH,LENTE DE PROTECCION DE POLICARBONATO,UNIDAD,9.8,12000
31/03/2020,20131529181,SEGURINDUSTRIA S.A.,LENTE DE PROTECCION DE POLICARBONATO,UNIDAD,19.4,3100
31/03/2020,20131529181,SEGURINDUSTRIA S.A.,LENTE DE PROTECCION DE POLICARBONATO,UNIDAD,10.62,500
01/04/2020,20476029474,SIGMA ENTERPRISES PERU S.A.C.,GUANTE QUIRURGICO ESTERIL DESCARTABLE Nº  7 1/2,PAR,1.08,61900
02/04/2020,20601413761,DISPOSITIVOS GENERALES MEDICOS SANITARIOS S.A.C. - DIGEMED S.A.C.,GUANTE QUIRURGICO ESTERIL DESCARTABLE Nº  7 1/2,PAR,1.2,10200
02/04/2020,20502790731,BARRON VIEYRA INTERNATIONAL PERU S.A.C.,CHAQUETA DESCARTABLE TALLA M,UNIDAD,5.25,5400
02/04/2020,20502790731,BARRON VIEYRA INTERNATIONAL PERU S.A.C.,CHAQUETA DESCARTABLE TALLA XL,UNIDAD,5.25,900
02/04/2020,20502790731,BARRON VIEYRA INTERNATIONAL PERU S.A.C.,MANDIL DESCARTABLE TALLA M,UNIDAD,10.74,8000
02/04/2020,20502790731,BARRON VIEYRA INTERNATIONAL PERU S.A.C.,MANDIL DESCARTABLE TALLA L,UNIDAD,10.74,7000
02/04/2020,20502790731,BARRON VIEYRA INTERNATIONAL PERU S.A.C.,CHAQUETA DESCARTABLE TALLA L,UNIDAD,5.25,5900
02/04/2020,20502790731,BARRON VIEYRA INTERNATIONAL PERU S.A.C.,PANTALÓN DESCARTABLE TALLA XL,UNIDAD,5.25,900
02/04/2020,20502790731,BARRON VIEYRA INTERNATIONAL PERU S.A.C.,PANTALÓN DESCARTABLE TALLA M,UNIDAD,5.25,5400
02/04/2020,20502790731,BARRON VIEYRA INTERNATIONAL PERU S.A.C.,PANTALÓN DESCARTABLE TALLA L,UNIDAD,5.25,5900
02/04/2020,20476029474,SIGMA ENTERPRISES PERU S.A.C.,GORRO DESCARTABLE DE ENFERMERA,UNIDAD,0.3,7000
02/04/2020,20502790731,BARRON VIEYRA INTERNATIONAL PERU S.A.C.,MANDIL DESCARTABLE TALLA XL COLOR AZUL,UNIDAD,10.74,4900
03/04/2020,20338022850,DROCSA E.I.R.L.,GORRO DESCARTABLE DE ENFERMERA,UNIDAD,0.35,1500000
03/04/2020,20266352337,PRODUCTOS TISSUE DEL PERU S.A.C - PROTISA-PERU,PAPEL TOALLA HOJA SIMPLE NATURAL X 300 m,UNIDAD,23.25,38700
03/04/2020,20524839645,REPRESENTACIONES GENERALES JHOVAN PERU SOCIEDAD ANONIMA CERRADA,PANTALÓN DESCARTABLE TALLA L,UNIDAD,5.9,1000
03/04/2020,20524839645,REPRESENTACIONES GENERALES JHOVAN PERU SOCIEDAD ANONIMA CERRADA,PANTALÓN DESCARTABLE TALLA M,UNIDAD,5.9,1000
03/04/2020,20524839645,REPRESENTACIONES GENERALES JHOVAN PERU SOCIEDAD ANONIMA CERRADA,CHAQUETA DESCARTABLE TALLA L,UNIDAD,6.2,1000
03/04/2020,20524839645,REPRESENTACIONES GENERALES JHOVAN PERU SOCIEDAD ANONIMA CERRADA,MANDIL DESCARTABLE TALLA M,UNIDAD,8.5,1000
03/04/2020,20524839645,REPRESENTACIONES GENERALES JHOVAN PERU SOCIEDAD ANONIMA CERRADA,MANDIL DESCARTABLE TALLA L,UNIDAD,8.5,1000
03/04/2020,20338022850,DROCSA E.I.R.L.,CHAQUETA DESCARTABLE TALLA M,UNIDAD,5.5,3000
03/04/2020,20524839645,REPRESENTACIONES GENERALES JHOVAN PERU SOCIEDAD ANONIMA CERRADA,CHAQUETA DESCARTABLE TALLA M,UNIDAD,6.2,1000
03/04/2020,20471476898,MULTIMEDICAL SUPPLIES SAC,MASCARILLA DESCARTABLE TIPO N-95,UNIDAD,6.3,120000
06/04/2020,20338022850,DROCSA E.I.R.L.,MASCARILLA DESCARTABLE QUIRURGICA 3 PLIEGUES,UNIDAD,1.5,500000
07/04/2020,30556212705,GRUPO INDUSTRIAL POSEIDON S.A. DE C.V.,GUANTE QUIRURGICO ESTERIL DESCARTABLE Nº  7 1/2,PAR,0.74,202500
07/04/2020,20600420063,DISTRIBUIDORA DE PRODUCTOS DESCARTABLES S.A.C.,CHAQUETA DESCARTABLE TALLA M,UNIDAD,6,30000
08/04/2020,20603540205,GRUPO RUMEDIC S.A.C.,CHAQUETA DESCARTABLE TALLA M,UNIDAD,5.5,20000
08/04/2020,20502143973,CORPORACION VALTAKS S.C.R.L.,MANDIL DESCARTABLE TALLA L,UNIDAD,10,20000
08/04/2020,20523717759,R & G SEGURIDAD E HIGIENE INDUSTRIAL S.A.C.,MANDIL DESCARTABLE TALLA L,UNIDAD,8.5,100000
08/04/2020,20523717759,R & G SEGURIDAD E HIGIENE INDUSTRIAL S.A.C.,GUANTE PARA EXAMEN DESCARTABLE DE NITRILO SIN POLVO TALLA M,UNIDAD,0.25,2000000
08/04/2020,20523717759,R & G SEGURIDAD E HIGIENE INDUSTRIAL S.A.C.,MASCARILLA DESCARTABLE QUIRURGICA 3 PLIEGUES,UNIDAD,0.84,2000000
08/04/2020,20523717759,R & G SEGURIDAD E HIGIENE INDUSTRIAL S.A.C.,MASCARILLA DESCARTABLE QUIRURGICA 3 PLIEGUES,UNIDAD,0.84,5000000
08/04/2020,20602830307,DROGUERIA FAVETEX S.A.C.,PANTALÓN DESCARTABLE TALLA M,UNIDAD,4.7,35000
08/04/2020,20603540205,GRUPO RUMEDIC S.A.C.,PANTALÓN DESCARTABLE TALLA M,UNIDAD,6,20000
08/04/2020,20602830307,DROGUERIA FAVETEX S.A.C.,PANTALÓN DESCARTABLE TALLA L,UNIDAD,4.7,35000
08/04/2020,20266352337,PRODUCTOS TISSUE DEL PERU S.A.C - PROTISA-PERU,PAPEL TOALLA HOJA SIMPLE NATURAL X 300 m,UNIDAD,23.25,38700
08/04/2020,20338022850,DROCSA E.I.R.L.,MANDIL DESCARTABLE TALLA XL COLOR AZUL,UNIDAD,12,20000
08/04/2020,20424084418,KA 'LINSON PERU S.A.C.,EQUIPO RESPIRADOR PURIFICADOR DE AIRE FORZADO,UNIDAD,6844,81
13/04/2020,20384759166,TEXPIMA S.A.C.,LENTE DE PROTECCION DE POLICARBONATO,UNIDAD,14,50000
13/04/2020,20504575919,IMPORTACIONES ALPES PERU SOCIEDAD ANONIMA CERRADA,GORRO DESCARTABLE DE ENFERMERA,UNIDAD,0.26,115800
13/04/2020,20102026986,PLUMAS EIRL,CHAQUETA DESCARTABLE TALLA L,UNIDAD,7,2000
13/04/2020,20102026986,PLUMAS EIRL,CHAQUETA DESCARTABLE TALLA XL,UNIDAD,8,2000
13/04/2020,20102026986,PLUMAS EIRL,CHAQUETA DESCARTABLE TALLA XL,UNIDAD,7.5,2000
13/04/2020,20102026986,PLUMAS EIRL,CHAQUETA DESCARTABLE TALLA M,UNIDAD,6.5,2000
14/04/2020,20559797317,DISTRIBUIDORA GALUMA S.A.C.,PANTALÓN DESCARTABLE TALLA M,UNIDAD,7.68,30000
14/04/2020,20559797317,DISTRIBUIDORA GALUMA S.A.C.,PANTALÓN DESCARTABLE TALLA L,UNIDAD,7.68,30000
15/04/2020,20603300557,QUIMICOS Y LABORATORIOS VALENCIA LLERENA SOCIEDAD COMERCIAL DE RESPONSABILIDAD LIMITADA,MAMELUCO DESCARTABLE TALLA XL,UNIDAD,50,250
15/04/2020,20508699035,MCCO INTERNATIONAL BUSINESS S.A.C.,MAMELUCO DESCARTABLE TALLA XL,UNIDAD,18.37,5000
15/04/2020,20600530021,RONWAN PRODUC S.A.C.,PANTALÓN DESCARTABLE TALLA L,UNIDAD,4.5,5000
15/04/2020,20502143973,CORPORACION VALTAKS S.C.R.L.,PANTALÓN DESCARTABLE TALLA M,UNIDAD,6.2,28000
15/04/2020,20600530021,RONWAN PRODUC S.A.C.,PANTALÓN DESCARTABLE TALLA M,UNIDAD,4,5000
15/04/2020,20600530021,RONWAN PRODUC S.A.C.,CHAQUETA DESCARTABLE TALLA L,UNIDAD,4.5,5000
15/04/2020,20604708002,EVOLUTION MEDICAL S.A.C,CHAQUETA DESCARTABLE TALLA L,UNIDAD,7.5,20000
15/04/2020,20600530021,RONWAN PRODUC S.A.C.,MANDIL DESCARTABLE TALLA XL COLOR AZUL,UNIDAD,7.5,5000
15/04/2020,20603300557,QUIMICOS Y LABORATORIOS VALENCIA LLERENA SOCIEDAD COMERCIAL DE RESPONSABILIDAD LIMITADA,MAMELUCO DESCARTABLE TALLA L,UNIDAD,50,200
15/04/2020,20508699035,MCCO INTERNATIONAL BUSINESS S.A.C.,MAMELUCO DESCARTABLE TALLA L,UNIDAD,18.37,10500
15/04/2020,20508699035,MCCO INTERNATIONAL BUSINESS S.A.C.,MAMELUCO DESCARTABLE TALLA L,UNIDAD,19.37,2300
15/04/2020,20266352337,PRODUCTOS TISSUE DEL PERU S.A.C - PROTISA-PERU,PAPEL TOALLA HOJA SIMPLE NATURAL X 300 m,UNIDAD,23.25,38700
15/04/2020,20600530021,RONWAN PRODUC S.A.C.,CHAQUETA DESCARTABLE TALLA M,UNIDAD,4,5000
15/04/2020,20502143973,CORPORACION VALTAKS S.C.R.L.,CHAQUETA DESCARTABLE TALLA M,UNIDAD,6,28000
15/04/2020,20600530021,RONWAN PRODUC S.A.C.,MANDIL DESCARTABLE TALLA L,UNIDAD,7,10000
15/04/2020,20600530021,RONWAN PRODUC S.A.C.,MANDIL DESCARTABLE TALLA M,UNIDAD,7,10000
15/04/2020,20503662869,TAGUMEDICA S.A.,GUANTE QUIRURGICO ESTERIL DESCARTABLE Nº 8,PAR,2.5,7480
15/04/2020,20508699035,MCCO INTERNATIONAL BUSINESS S.A.C.,GUANTE PARA EXAMEN DESCARTABLE DE NITRILO SIN POLVO TALLA M,UNIDAD,0.47,37000
15/04/2020,20503662869,TAGUMEDICA S.A.,GUANTE QUIRURGICO ESTERIL DESCARTABLE Nº  7,PAR,2.5,53948
16/04/2020,20293847038,TEXTILES CAMONES S.A.,CHAQUETA DESCARTABLE TALLA XL,UNIDAD,3.85,120000
16/04/2020,20293847038,TEXTILES CAMONES S.A.,CHAQUETA DESCARTABLE TALLA XL,UNIDAD,3.85,120000
16/04/2020,20293847038,TEXTILES CAMONES S.A.,CHAQUETA DESCARTABLE TALLA XL,UNIDAD,3.85,90000
16/04/2020,20293847038,TEXTILES CAMONES S.A.,CHAQUETA DESCARTABLE TALLA XL,UNIDAD,3.85,90000
16/04/2020,20293847038,TEXTILES CAMONES S.A.,CHAQUETA DESCARTABLE TALLA M,UNIDAD,2.85,60000
16/04/2020,20293847038,TEXTILES CAMONES S.A.,CHAQUETA DESCARTABLE TALLA M,UNIDAD,2.85,80000
16/04/2020,20264592497,TEXGROUP S.A.,CHAQUETA DESCARTABLE TALLA M,UNIDAD,4.6,120000
16/04/2020,20264592497,TEXGROUP S.A.,BOTA DESCARTABLE,PAR,2.3,75000
16/04/2020,20293847038,TEXTILES CAMONES S.A.,CHAQUETA DESCARTABLE TALLA L,UNIDAD,2.85,60000
16/04/2020,20293847038,TEXTILES CAMONES S.A.,CHAQUETA DESCARTABLE TALLA L,UNIDAD,2.85,80000
16/04/2020,20264592497,TEXGROUP S.A.,CHAQUETA DESCARTABLE TALLA L,UNIDAD,4.8,60000
16/04/2020,20264592497,TEXGROUP S.A.,PANTALÓN DESCARTABLE TALLA M,UNIDAD,4.9,120000
16/04/2020,20264592497,TEXGROUP S.A.,PANTALÓN DESCARTABLE TALLA L,UNIDAD,5.5,60000
16/04/2020,20602232451,GLA SOLUCIONES EMPRESARIALES Y CONSULTORIA S.A.C.,LENTE DE PROTECCION DE POLICARBONATO,UNIDAD,20.5,50000
17/04/2020,20513433442,CORPORACION MORENO INTERNATIONAL GROUP SOCIEDAD ANONIMA CERRADA,CARETA PROTECTORA DE POLICARBONATO,UNIDAD,15.96,100000
17/04/2020,20424084418,KA 'LINSON PERU S.A.C.,GAFA DE SEGURIDAD DE MONTURA INTEGRAL,UNIDAD,30.73,3160
17/04/2020,20424084418,KA 'LINSON PERU S.A.C.,LENTE DE PROTECCION DE POLICARBONATO,UNIDAD,14.5,1254
17/04/2020,20547668317,TEXTILES HEAWOK S.A.C,MAMELUCO DESCARTABLE TALLA XL,UNIDAD,21,20000
17/04/2020,20547668317,TEXTILES HEAWOK S.A.C,MAMELUCO DESCARTABLE TALLA XL,UNIDAD,23.5,20000
17/04/2020,20266352337,PRODUCTOS TISSUE DEL PERU S.A.C - PROTISA-PERU,PAPEL TOALLA HOJA SIMPLE NATURAL X 300 m,UNIDAD,23.25,38700
17/04/2020,20603236549,TECHNOFLEX L & L S.A.C.,PAPEL TOALLA HOJA SIMPLE NATURAL X 300 m,UNIDAD,19.9,70002
17/04/2020,20266352337,PRODUCTOS TISSUE DEL PERU S.A.C - PROTISA-PERU,PAPEL TOALLA HOJA SIMPLE NATURAL X 300 m,UNIDAD,23.25,25200
17/04/2020,20266352337,PRODUCTOS TISSUE DEL PERU S.A.C - PROTISA-PERU,PAPEL TOALLA HOJA SIMPLE NATURAL X 300 m,UNIDAD,23.25,29648
17/04/2020,20547668317,TEXTILES HEAWOK S.A.C,MAMELUCO DESCARTABLE TALLA L,UNIDAD,19,20000
17/04/2020,20547668317,TEXTILES HEAWOK S.A.C,MAMELUCO DESCARTABLE TALLA L,UNIDAD,21.5,20000
17/04/2020,20547668317,TEXTILES HEAWOK S.A.C,MAMELUCO DESCARTABLE TALLA M,UNIDAD,19.5,20000
17/04/2020,20547668317,TEXTILES HEAWOK S.A.C,MAMELUCO DESCARTABLE TALLA M,UNIDAD,17,20000
17/04/2020,20505719396,Q-MEDICAL S.A.C,GUANTE PARA EXAMEN DESCARTABLE DE NITRILO SIN POLVO TALLA M,UNIDAD,0.45,200000
20/04/2020,20601413761,DISPOSITIVOS GENERALES MEDICOS SANITARIOS S.A.C. - DIGEMED S.A.C.,GUANTE QUIRURGICO ESTERIL DESCARTABLE Nº  7 1/2,PAR,1.2,5500
20/04/2020,20601413761,DISPOSITIVOS GENERALES MEDICOS SANITARIOS S.A.C. - DIGEMED S.A.C.,GUANTE QUIRURGICO ESTERIL DESCARTABLE Nº 8,PAR,1.2,1500
20/04/2020,20263368992,CYMED MEDICAL SAC,MASCARILLA DESCARTABLE TIPO N-95,UNIDAD,12.5,660
20/04/2020,20263368992,CYMED MEDICAL SAC,MASCARILLA DESCARTABLE TIPO N-95,UNIDAD,3.25,17600
20/04/2020,20602830307,DROGUERIA FAVETEX S.A.C.,CHAQUETA DESCARTABLE TALLA M,UNIDAD,7.5,30000
20/04/2020,20423925028,MODAS DIVERSAS DEL PERU SAC,MANDIL DESCARTABLE NO ESTÉRIL,UNIDAD,10,4225
20/04/2020,20423925028,MODAS DIVERSAS DEL PERU SAC,MANDIL DESCARTABLE TALLA M,UNIDAD,10,12000
20/04/2020,20423925028,MODAS DIVERSAS DEL PERU SAC,MANDIL DESCARTABLE TALLA L,UNIDAD,10,12000
20/04/2020,20423925028,MODAS DIVERSAS DEL PERU SAC,MANDIL DESCARTABLE TALLA XL COLOR AZUL,UNIDAD,10,12000
20/04/2020,20293847038,TEXTILES CAMONES S.A.,PANTALÓN DESCARTABLE TALLA L,UNIDAD,5.4,34000
20/04/2020,20293847038,TEXTILES CAMONES S.A.,PANTALÓN DESCARTABLE TALLA M,UNIDAD,5.4,34000
20/04/2020,20602830307,DROGUERIA FAVETEX S.A.C.,PANTALÓN DESCARTABLE TALLA M,UNIDAD,7.6,30000
20/04/2020,20293847038,TEXTILES CAMONES S.A.,PANTALÓN DESCARTABLE TALLA XL,UNIDAD,5.4,51000
20/04/2020,20293847038,TEXTILES CAMONES S.A.,PANTALÓN DESCARTABLE TALLA XXL,UNIDAD,5.4,51000
21/04/2020,20423925028,MODAS DIVERSAS DEL PERU SAC,MAMELUCO DESCARTABLE TALLA L,UNIDAD,20,12500
21/04/2020,20433546394,EDALMI S.A.C.,GAFA DE SEGURIDAD DE MONTURA INTEGRAL,UNIDAD,25.3,19247
22/04/2020,20131529181,SEGURINDUSTRIA S.A.,LENTE DE PROTECCION DE POLICARBONATO,UNIDAD,9.44,8000
22/04/2020,20131529181,SEGURINDUSTRIA S.A.,LENTE DE PROTECCION DE POLICARBONATO,UNIDAD,18.88,2000
22/04/2020,20131529181,SEGURINDUSTRIA S.A.,LENTE DE PROTECCION DE POLICARBONATO,UNIDAD,15,400
22/04/2020,20131529181,SEGURINDUSTRIA S.A.,LENTE DE PROTECCION DE POLICARBONATO,UNIDAD,10.62,900
22/04/2020,20131529181,SEGURINDUSTRIA S.A.,LENTE DE PROTECCION DE POLICARBONATO,UNIDAD,5.9,8000
22/04/2020,20131529181,SEGURINDUSTRIA S.A.,LENTE DE PROTECCION DE POLICARBONATO,UNIDAD,7.67,10000
27/04/2020,10753825113,ALDAZ SANTOS TATIANA SOFIA,MAMELUCO DESCARTABLE TALLA L,UNIDAD,20.2,15000
27/04/2020,20293847038,TEXTILES CAMONES S.A.,CHAQUETA DESCARTABLE TALLA L,UNIDAD,3.85,115000
27/04/2020,10753825113,ALDAZ SANTOS TATIANA SOFIA,MAMELUCO DESCARTABLE TALLA XL,UNIDAD,21.7,15000
27/04/2020,20293847038,TEXTILES CAMONES S.A.,CHAQUETA DESCARTABLE TALLA XL,UNIDAD,3.85,115000
27/04/2020,20293847038,TEXTILES CAMONES S.A.,CHAQUETA DESCARTABLE TALLA XL,UNIDAD,3.85,115000
27/04/2020,20293847038,TEXTILES CAMONES S.A.,CHAQUETA DESCARTABLE TALLA M,UNIDAD,3.85,115000
28/04/2020,20523717759,R & G SEGURIDAD E HIGIENE INDUSTRIAL S.A.C.,MAMELUCO DESCARTABLE TALLA L,UNIDAD,20,3600
28/04/2020,20523717759,R & G SEGURIDAD E HIGIENE INDUSTRIAL S.A.C.,MAMELUCO DESCARTABLE TALLA L,UNIDAD,20,26744
28/04/2020,20602232451,GLA SOLUCIONES EMPRESARIALES Y CONSULTORIA S.A.C.,LENTE DE PROTECCION DE POLICARBONATO,UNIDAD,5.8,500000
29/04/2020,20523717759,R & G SEGURIDAD E HIGIENE INDUSTRIAL S.A.C.,MAMELUCO DESCARTABLE TALLA L,UNIDAD,20,19656
04/05/2020,20101635440,COTTON KNIT S.A.C.,PANTALÓN DESCARTABLE TALLA L,UNIDAD,7.15,2600
04/05/2020,20101635440,COTTON KNIT S.A.C.,PANTALÓN DESCARTABLE TALLA M,UNIDAD,7.15,1300
04/05/2020,20601081254,SMALL BEN S.A.C.,CHAQUETA DESCARTABLE TALLA L,UNIDAD,5,20000
04/05/2020,20101635440,COTTON KNIT S.A.C.,CHAQUETA DESCARTABLE TALLA L,UNIDAD,7.15,2600
04/05/2020,20101635440,COTTON KNIT S.A.C.,PANTALÓN DESCARTABLE TALLA XL,UNIDAD,7.15,2600
04/05/2020,20101635440,COTTON KNIT S.A.C.,PANTALÓN DESCARTABLE TALLA XXL,UNIDAD,7.15,1300
04/05/2020,20101635440,COTTON KNIT S.A.C.,CHAQUETA DESCARTABLE TALLA M,UNIDAD,7.15,1300
04/05/2020,20101635440,COTTON KNIT S.A.C.,CHAQUETA DESCARTABLE TALLA XL,UNIDAD,7.15,2600
04/05/2020,20101635440,COTTON KNIT S.A.C.,CHAQUETA DESCARTABLE TALLA XL,UNIDAD,7.15,1300
04/05/2020,20171586608,DISTRIBUIDORA DROGUERIA SAGITARIO S.R.L.,HIDROXICLOROQUINA SULFATO 200 mg (Equiv. 155 mg hidroxicloroquina) TAB,UNIDAD,1.76,5989410
05/05/2020,20522333051,PHARMACEUTICAL DISTOLOZA S.A.,METILPREDNISOLONA 500 mg INY 8 mL,UNIDAD,21,17828
05/05/2020,20603540205,GRUPO RUMEDIC S.A.C.,CHAQUETA DESCARTABLE TALLA M,UNIDAD,5.5,40000
05/05/2020,20523717759,R & G SEGURIDAD E HIGIENE INDUSTRIAL S.A.C.,MASCARILLA DESCARTABLE QUIRURGICA 3 PLIEGUES,UNIDAD,1.2,3000000
05/05/2020,20603540205,GRUPO RUMEDIC S.A.C.,PANTALÓN DESCARTABLE TALLA M,UNIDAD,6,40000
05/05/2020,20338022850,DROCSA E.I.R.L.,GORRO DESCARTABLE DE ENFERMERA,UNIDAD,0.35,1000000
06/05/2020,20605321616,TEXTILES & MODA GUSTAVO E.I.R.L.,BOTA DESCARTABLE,PAR,3.89,20000
06/05/2020,20603155476,PHARMATECH LOGISTIC S.A.C.,CHAQUETA DESCARTABLE TALLA L,UNIDAD,4.85,12000
07/05/2020,20293847038,TEXTILES CAMONES S.A.,CHAQUETA DESCARTABLE TALLA L,UNIDAD,4.25,120000
07/05/2020,20601579228,TEXTILES EDCE S.A.C.,MAMELUCO DESCARTABLE TALLA XL,UNIDAD,22.5,27700
07/05/2020,20601579228,TEXTILES EDCE S.A.C.,MAMELUCO DESCARTABLE TALLA M,UNIDAD,19.5,4600
07/05/2020,20293847038,TEXTILES CAMONES S.A.,CHAQUETA DESCARTABLE TALLA M,UNIDAD,4.25,79036
07/05/2020,20293847038,TEXTILES CAMONES S.A.,CHAQUETA DESCARTABLE TALLA XL,UNIDAD,4.25,120000
07/05/2020,20293847038,TEXTILES CAMONES S.A.,CHAQUETA DESCARTABLE TALLA XL,UNIDAD,4.25,120000
07/05/2020,20171586608,DISTRIBUIDORA DROGUERIA SAGITARIO S.R.L.,METILPREDNISOLONA 500 mg INY 8 mL,UNIDAD,18,40000
07/05/2020,20171586608,DISTRIBUIDORA DROGUERIA SAGITARIO S.R.L.,ENOXAPARINA SODICA 60 mg/0.6 mL INY 0.6 mL,UNIDAD,17.34,310000
07/05/2020,20171586608,DISTRIBUIDORA DROGUERIA SAGITARIO S.R.L.,ENOXAPARINA SODICA 40 mg/0.4 mL INY 0.4 mL,UNIDAD,12.61,50000
08/05/2020,20100096855,SANOFI-AVENTIS DEL PERU S.A,AZITROMICINA 500 MG TAB,UNIDAD,1,116000
08/05/2020,20601413761,DISPOSITIVOS GENERALES MEDICOS SANITARIOS S.A.C. - DIGEMED S.A.C.,GUANTE QUIRURGICO ESTERIL DESCARTABLE Nº  7 1/2,PAR,1.2,7500
08/05/2020,20293847038,TEXTILES CAMONES S.A.,CHAQUETA DESCARTABLE TALLA L,UNIDAD,4.25,28080
08/05/2020,20102026986,PLUMAS EIRL,BOTA DESCARTABLE,PAR,3.55,30000
08/05/2020,20600645685,PUGAROCHA WORLD TRADE CORPORATION S.A.C.,BOTA DESCARTABLE,PAR,3.5,10000
08/05/2020,20601579228,TEXTILES EDCE S.A.C.,MAMELUCO DESCARTABLE TALLA L,UNIDAD,21,27700
11/05/2020,20433546394,EDALMI S.A.C.,LENTE DE PROTECCION DE POLICARBONATO,UNIDAD,13.1,150000
14/05/2020,20102026986,PLUMAS EIRL,BOTA DESCARTABLE,PAR,3.55,40000
15/05/2020,20509882101,CORPORACION ALESSANDRA S.A.C.,LENTE DE PROTECCION DE POLICARBONATO,UNIDAD,16.9,1300
18/05/2020,20523717759,R & G SEGURIDAD E HIGIENE INDUSTRIAL S.A.C.,GUANTE PARA EXAMEN DESCARTABLE DE NITRILO SIN POLVO TALLA M,UNIDAD,0.42,500000
18/05/2020,30556212745,BLUE SEA SHIP SERVICE,LENTES PROTECTORES DE POLICARBONATO,UNIDAD,8.86,108206
18/05/2020,30556212745,BLUE SEA SHIP SERVICE,LENTES PROTECTORES DE POLICARBONATO,UNIDAD,8.86,849294
20/05/2020,20474456049,GENCOPHARMACEUTICAL S.A.C.,IVERMECTINA 6 mg/mL SOL 5 mL,UNIDAD,14,490659
20/05/2020,20100096855,SANOFI-AVENTIS DEL PERU S.A,ENOXAPARINA SODICA 40 mg/0.4 mL INY 0.4 mL,UNIDAD,16.69,40000
20/05/2020,20478224169,PHARMAGEN S.A.C.,ENOXAPARINA SODICA 40 mg/0.4 mL INY 0.4 mL,UNIDAD,15.5,300000
20/05/2020,20503794692,NORDIC PHARMACEUTICAL COMPANY S. A. C.,ENOXAPARINA SODICA 40 mg/0.4 mL INY 0.4 mL,UNIDAD,14.87,317006
20/05/2020,20503794692,NORDIC PHARMACEUTICAL COMPANY S. A. C.,ENOXAPARINA SODICA 60 mg/0.6 mL INY 0.6 mL,UNIDAD,17.87,151465
22/05/2020,20509882101,CORPORACION ALESSANDRA S.A.C.,LENTE DE PROTECCION DE POLICARBONATO,UNIDAD,16.9,20000
22/05/2020,20547668317,TEXTILES HEAWOK S.A.C,MAMELUCO DESCARTABLE TALLA L,UNIDAD,20,23243
22/05/2020,20547668317,TEXTILES HEAWOK S.A.C,MAMELUCO DESCARTABLE TALLA M,UNIDAD,18,20500
22/05/2020,20547668317,TEXTILES HEAWOK S.A.C,MAMELUCO DESCARTABLE TALLA XL,UNIDAD,22,40000
26/05/2020,20605991204,GRUPO ÑUQAYKU E.I.R.L.,BOTA DESCARTABLE,PAR,3.5,159500
26/05/2020,20602232451,GLA SOLUCIONES EMPRESARIALES Y CONSULTORIA S.A.C.,LENTE DE PROTECCION DE POLICARBONATO,UNIDAD,11.8,47875
26/05/2020,20602232451,GLA SOLUCIONES EMPRESARIALES Y CONSULTORIA S.A.C.,LENTE DE PROTECCION DE POLICARBONATO,UNIDAD,11.8,26840
26/05/2020,20602232451,GLA SOLUCIONES EMPRESARIALES Y CONSULTORIA S.A.C.,LENTE DE PROTECCION DE POLICARBONATO,UNIDAD,11.8,86180
27/05/2020,20503794692,NORDIC PHARMACEUTICAL COMPANY S. A. C.,ENOXAPARINA SODICA 40 mg/0.4 mL INY 0.4 mL,UNIDAD,14.87,150000
27/05/2020,20513930748,AURA TEXTILES SOCIEDAD ANONIMA CERRADA,BOTA DESCARTABLE,PAR,2.5,200000
27/05/2020,20549209034,BIOCURE S.A.C.,MAMELUCO DESCARTABLE TALLA XL,UNIDAD,30,49
27/05/2020,20549209034,BIOCURE S.A.C.,MAMELUCO DESCARTABLE TALLA XL,UNIDAD,30,113
28/05/2020,20293847038,TEXTILES CAMONES S.A.,CHAQUETA DESCARTABLE TALLA L,UNIDAD,4.25,31256
28/05/2020,20523717759,R & G SEGURIDAD E HIGIENE INDUSTRIAL S.A.C.,MASCARILLA DESCARTABLE QUIRURGICA 3 PLIEGUES,UNIDAD,1.15,3990150
28/05/2020,20523717759,R & G SEGURIDAD E HIGIENE INDUSTRIAL S.A.C.,MASCARILLA DESCARTABLE QUIRURGICA 3 PLIEGUES,UNIDAD,1.15,3509850
28/05/2020,20293847038,TEXTILES CAMONES S.A.,CHAQUETA DESCARTABLE TALLA XL,UNIDAD,4.25,120000
28/05/2020,20293847038,TEXTILES CAMONES S.A.,CHAQUETA DESCARTABLE TALLA XL,UNIDAD,4.25,456454
01/06/2020,20600964934,SONIH INDUSTRIAS S.A.C.,LENTES PROTECTORES DE POLICARBONATO,UNIDAD,11.8,140000
03/06/2020,20264592497,TEXGROUP S.A.,PANTALÓN DESCARTABLE TALLA M,UNIDAD,4.9,133136
05/06/2020,20293847038,TEXTILES CAMONES S.A.,PANTALÓN DESCARTABLE TALLA M,UNIDAD,5.85,140000
05/06/2020,20293847038,TEXTILES CAMONES S.A.,PANTALÓN DESCARTABLE TALLA L,UNIDAD,5.85,140000
05/06/2020,20509882101,CORPORACION ALESSANDRA S.A.C.,LENTES PROTECTORES DE POLICARBONATO,UNIDAD,16.9,10000
05/06/2020,20513553693,JJ BOGGIO ING SOCIEDAD ANONIMA CERRADA-JJ BOGGIO S.A.C.,CARETA PROTECTORA DE POLICARBONATO,UNIDAD,19,15000
08/06/2020,20264592497,TEXGROUP S.A.,PANTALÓN DESCARTABLE TALLA M,UNIDAD,4.9,13000
09/06/2020,20255361695,LABORATORIOS AMERICANOS S.A.,AMPICILINA (COMO SAL SODICA) + SULBACTAM (COMO SAL SODICA) 1 g + 500 mg INY,-,1.22,480000
09/06/2020,20482137319,DROGUERIA INVERSIONES JPS S.A.C,PIPERACILINA + TAZOBACTAM  4 g + 500 mg INY,-,7.59,240000
09/06/2020,20482137319,DROGUERIA INVERSIONES JPS S.A.C,CEFTAZIDIMA 1 G INY CON DILUYENTE,-,2.75,180000
09/06/2020,20255361695,LABORATORIOS AMERICANOS S.A.,CEFTAZIDIMA 1 G INY CON DILUYENTE,-,2.05,180000
09/06/2020,20503794692,NORDIC PHARMACEUTICAL COMPANY S. A. C.,VANCOMICINA (COMO CLORHIDRATO) 500 mg INY,-,4.15,120000
09/06/2020,20255361695,LABORATORIOS AMERICANOS S.A.,OMEPRAZOL (COMO SAL SODICA) 40 mg INY,-,0.86,120000
09/06/2020,20503794692,NORDIC PHARMACEUTICAL COMPANY S. A. C.,HEPARINA SODICA 25000 UI/5 mL INY 5 mL,-,16.95,60000
09/06/2020,20255361695,LABORATORIOS AMERICANOS S.A.,MEROPENEM 500 MG INY,-,5,720000
09/06/2020,20255361695,LABORATORIOS AMERICANOS S.A.,CILASTATINA + IMIPENEM (COMO SAL SODICA) 500 mg + 500 mg INY,-,12.21,240000
09/06/2020,20522333051,PHARMACEUTICAL DISTOLOZA S.A.,VASOPRESINA 20 UI INY 1mL,-,49.5,480000
09/06/2020,20255361695,LABORATORIOS AMERICANOS S.A.,BROMURO DE IPRATROPIO 20 µg/dosis (20 mcg/dosis) AER 200 DOSIS,-,6.23,60000
09/06/2020,20255361695,LABORATORIOS AMERICANOS S.A.,SALBUTAMOL (COMO SULFATO) 100 µg/DOSIS AER 200 DOSIS,-,3.55,60000
09/06/2020,20516326051,DROGUERIAS UNIDAS DEL PERU SOCIEDAD ANONIMA CERRADA,SALBUTAMOL (COMO SULFATO) 5 mg/mL SOL 10 mL,-,8.5,60000
09/06/2020,20377339461,B. BRAUN MEDICAL PERU S.A.,SOLUCION DE LACTATO SODICO COMPUESTA(LACTATO RINGER) SOL 1 L,-,4.5,120000
09/06/2020,20377339461,B. BRAUN MEDICAL PERU S.A.,DEXTROSA 5 g/100 mL (5 %) INY 1 L,-,2.83,180000
09/06/2020,20171586608,DISTRIBUIDORA DROGUERIA SAGITARIO S.R.L.,BROMURO DE ROCURONIO 10 mg/mL INY 5 mL,-,12.8,1500000
10/06/2020,20513578416,FARMACEUTICA OTARVASQ S.A.C,NOREPINEFRINA (COMO ACIDO TARTRATO) 1 mg/mL INY 4 mL,-,2.5,840000
10/06/2020,20503300525,VITALIS PERU SAC,RANITIDINA (COMO CLORHIDRATO) 25 mg/mL INY 2 mL,-,0.42,120000
10/06/2020,20522761525,SEVEN PHARMA S.A.C.,VANCOMICINA (COMO CLORHIDRATO) 500 mg INY,-,3.3,120000
11/06/2020,20601571065,JK MEDICAL EMPRESA INDIVIDUAL DE RESPONSABILIDAD LIMITADA,OXIMETRO DE PULSOS ADULTO - PEDIATRICO,-,170,10000
12/06/2020,20440180044,J P S DISTRIBUCIONES E.I.R.L,PARACETAMOL 500 MG TAB,-,0.08,360000
12/06/2020,20171586608,DISTRIBUIDORA DROGUERIA SAGITARIO S.R.L.,IVERMECTINA 6 mg/mL SOL 5 mL,UNIDAD,8.5,200000
12/06/2020,20523951603,LABORATORIOS SIEGFRIED S.A.C.,IVERMECTINA 6 mg/mL SOL 5 mL,UNIDAD,6.91,788225
12/06/2020,20305284174,LABORATORIOS LANSIER S.A.C.,IVERMECTINA 6 mg/mL SOL 5 mL,UNIDAD,7.08,729175
12/06/2020,20602232451,GLA SOLUCIONES EMPRESARIALES Y CONSULTORIA S.A.C.,LENTES PROTECTORES DE POLICARBONATO,UNIDAD,11.3,140895
12/06/2020,20603642318,GE PHARMA S.A.C.,MASCARILLA DESCARTABLE QUIRURGICA 3 PLIEGUES,UNIDAD,1.2,1000000
12/06/2020,20471476898,MULTIMEDICAL SUPPLIES SAC,MASCARILLA DESCARTABLE TIPO N-95,UNIDAD,17.35,240000
12/06/2020,20503794692,NORDIC PHARMACEUTICAL COMPANY S. A. C.,AZITROMICINA 500 MG TAB,UNIDAD,0.84,466000
12/06/2020,20255361695,LABORATORIOS AMERICANOS S.A.,CEFTRIAXONA (COMO SAL SODICA) CON DILUYENTE 1 g INY,-,0.89,120000
12/06/2020,20440180044,J P S DISTRIBUCIONES E.I.R.L,DOBUTAMINA (COMO CLORHIDRATO) 250 mg/20 mL INY 20 mL,-,47.9,360000
12/06/2020,20255361695,LABORATORIOS AMERICANOS S.A.,DEXAMETASONA FOSFATO (COMO SAL SODICA) 4 mg/2 mL INY 2 mL,-,0.17,180000
12/06/2020,20513553693,JJ BOGGIO ING SOCIEDAD ANONIMA CERRADA-JJ BOGGIO S.A.C.,CARETA PROTECTORA DE POLICARBONATO,UNIDAD,19,50000
15/06/2020,20501584623,ARGOS MEDICAL IMPORT S.R.L.,FUROSEMIDA 10 MG/ML INY 2 ML,-,0.55,270000
15/06/2020,20501584623,ARGOS MEDICAL IMPORT S.R.L.,SODIO CLORURO 20 g/100 mL (20 %) INY 20 mL,-,2,50000
15/06/2020,20501584623,ARGOS MEDICAL IMPORT S.R.L.,SODIO CLORURO 20 g/100 mL (20 %) INY 20 mL,-,1.8,100000
15/06/2020,20501584623,ARGOS MEDICAL IMPORT S.R.L.,CALCIO GLUCONATO 100 mg/mL (Equiv. 8.4 mg/mL Ca) INY 10 mL,-,1.69,200000
15/06/2020,20600170458,CORVAL PHARMACEUTICAL S.A.C.,EPINEFRINA (COMO CLORHIDRATO O TARTRATO) 1 mg/mL INY 1 mL,-,2.4,70000
15/06/2020,20501584623,ARGOS MEDICAL IMPORT S.R.L.,MAGNESIO SULFATO 200 MG/ML INY 10 ML,-,2.15,10000
16/06/2020,20381450377,FRESENIUS KABI PERU S.A.,MAGNESIO SULFATO 200 MG/ML INY 10 ML,-,1.2,40000
16/06/2020,20381450377,FRESENIUS KABI PERU S.A.,CALCIO GLUCONATO 100 mg/mL (Equiv. 8.4 mg/mL Ca) INY 10 mL,-,1.2,70000
16/06/2020,20478223863,OQ  PHARMA S.A.C.,HIDROCORTISONA (COMO SUCCINATO SÓDICO) 100 mg INY,-,4.5,180000
16/06/2020,20478223863,OQ  PHARMA S.A.C.,DEXTROSA 333 mg/mL (33 %) INY 20 mL,-,1.2,240000
16/06/2020,20478223863,OQ  PHARMA S.A.C.,SODIO CLORURO 900 mg/100 mL (0.9 %) INY 100 mL,-,2.3,300000
16/06/2020,20478223863,OQ  PHARMA S.A.C.,SODIO CLORURO 20 g/100 mL (20 %) INY 20 mL,-,2,150000
16/06/2020,20381450377,FRESENIUS KABI PERU S.A.,FUROSEMIDA 10 MG/ML INY 2 ML,-,0.62,60000
16/06/2020,20381450377,FRESENIUS KABI PERU S.A.,METOCLOPRAMIDA CLORHIDRATO 5 MG/ML INY 2 ML,-,0.6,100000
16/06/2020,20381450377,FRESENIUS KABI PERU S.A.,HALOPERIDOL 5 mg/mL INY 1 mL,-,3,100000
16/06/2020,20381450377,FRESENIUS KABI PERU S.A.,DOPAMINA CLORHIDRATO 40 MG/ML INY 5 ML,-,2.35,30000
16/06/2020,20381450377,FRESENIUS KABI PERU S.A.,POLIGELINA 3.5 g/100 mL (3.5 %) INY 500 mL,-,34.5,50000
16/06/2020,20381450377,FRESENIUS KABI PERU S.A.,LANATOSIDO C 200 µg/mL INY 2 mL,-,3,69000
16/06/2020,20100085225,QUIMICA SUIZA S.A.C,TOCILIZUMAB 20 mg/mL INY 20 mL,-,3013.72,700
17/06/2020,20503794692,NORDIC PHARMACEUTICAL COMPANY S. A. C.,ENOXAPARINA SODICA 60 mg/0.6 mL INY 0.6 mL,UNIDAD,16.3,580000
17/06/2020,20557777301,EMCURE PHARMA PERU S.A.C,ENOXAPARINA SODICA 60 mg/0.6 mL INY 0.6 mL,UNIDAD,17.3,1035200
17/06/2020,20171586608,DISTRIBUIDORA DROGUERIA SAGITARIO S.R.L.,AZITROMICINA 250 mg TAB,UNIDAD,0.54,4192600
17/06/2020,20171586608,DISTRIBUIDORA DROGUERIA SAGITARIO S.R.L.,ENOXAPARINA SODICA 40 mg/0.4 mL INY 0.4 mL,UNIDAD,13.5,770790
17/06/2020,20503794692,NORDIC PHARMACEUTICAL COMPANY S. A. C.,ENOXAPARINA SODICA 40 mg/0.4 mL INY 0.4 mL,UNIDAD,13.83,496420
17/06/2020,20557777301,EMCURE PHARMA PERU S.A.C,ENOXAPARINA SODICA 40 mg/0.4 mL INY 0.4 mL,UNIDAD,14.5,1732390
17/06/2020,20171586608,DISTRIBUIDORA DROGUERIA SAGITARIO S.R.L.,METILPREDNISOLONA 500 mg INY 8 mL,UNIDAD,14.95,180000
18/06/2020,20557703102,DVOLK E.I.R.L.,MANDIL DESCARTABLE NO ESTERIL TALLA M,UNIDAD,10,2400
18/06/2020,20602830307,DROGUERIA FAVETEX S.A.C.,PANTALÓN DESCARTABLE TALLA M,UNIDAD,6,120000
18/06/2020,20602830307,DROGUERIA FAVETEX S.A.C.,PANTALÓN DESCARTABLE TALLA L,UNIDAD,6,120000
18/06/2020,20602830307,DROGUERIA FAVETEX S.A.C.,PANTALÓN DESCARTABLE TALLA S,UNIDAD,6,10000
18/06/2020,20102026986,PLUMAS EIRL,BOTA DESCARTABLE,PAR,2.49,100000
19/06/2020,20513930748,AURA TEXTILES SOCIEDAD ANONIMA CERRADA,BOTA DESCARTABLE,PAR,2.6,110000
19/06/2020,20544559177,CORPORACION TEXTIL FRALUSE S.A.C,BOTA DESCARTABLE,PAR,2.8,30000
19/06/2020,20513930748,AURA TEXTILES SOCIEDAD ANONIMA CERRADA,BOTA DESCARTABLE,PAR,2.5,250000
19/06/2020,20604634149,IMPORCOSTURA E.I.R.L.,BOTA DESCARTABLE,PAR,2.49,60000
19/06/2020,20605321616,TEXTILES & MODA GUSTAVO E.I.R.L.,BOTA DESCARTABLE,PAR,2.5,100000
19/06/2020,20293847038,TEXTILES CAMONES S.A.,BOTA DESCARTABLE,PAR,2.5,183000
19/06/2020,20293847038,TEXTILES CAMONES S.A.,BOTA DESCARTABLE,PAR,2.5,280000
22/06/2020,20338022850,DROCSA E.I.R.L.,GORRO DESCARTABLE DE ENFERMERA,UNIDAD,0.35,945000
22/06/2020,20338022850,DROCSA E.I.R.L.,GORRO QUIRURGICO DESCARTABLE,UNIDAD,0.35,55000
22/06/2020,20601562295,TELLO MANUFACTURAS INDUSTRIALES TEXTILES E.I.R.L.,MANDIL DESCARTABLE TALLA XL COLOR AZUL,UNIDAD,13.35,10000
22/06/2020,20297809785,WALON SPORT S.A.,MAMELUCO DESCARTABLE TALLA L,UNIDAD,21.5,3500
22/06/2020,10468478094,ROSSI MALCA VICKY ESTHER,MAMELUCO DESCARTABLE TALLA L,UNIDAD,23,12350
22/06/2020,20297809785,WALON SPORT S.A.,MAMELUCO DESCARTABLE TALLA M,UNIDAD,21.5,6000
22/06/2020,10468478094,ROSSI MALCA VICKY ESTHER,MAMELUCO DESCARTABLE TALLA XL,UNIDAD,24,12350
22/06/2020,20297809785,WALON SPORT S.A.,MAMELUCO DESCARTABLE TALLA S,UNIDAD,21.5,4300
22/06/2020,10468478094,ROSSI MALCA VICKY ESTHER,MAMELUCO DESCARTABLE TALLA S,UNIDAD,23,5300
22/06/2020,20603007191,MINDSTORMS S.A.C,CARETA PROTECTORA DE POLICARBONATO,UNIDAD,13.8,71880
22/06/2020,20603007191,MINDSTORMS S.A.C,CARETA PROTECTORA DE POLICARBONATO,UNIDAD,13.8,75310
22/06/2020,20603007191,MINDSTORMS S.A.C,CARETA PROTECTORA DE POLICARBONATO,UNIDAD,13.8,77400
22/06/2020,20603007191,MINDSTORMS S.A.C,CARETA PROTECTORA DE POLICARBONATO,UNIDAD,13.8,51300
